dataset,ntaxa,ntips,phylo,method1,model1,MkDG,MkDP,MkG,MkP,MkS,method2,model2,scmDG,scmDP,scmG,scmP,scmS
Olivier et al 3 state,215,215,Olivier et al,Mk,fitSYM,0,0,0.06003214526893397,0.328193073426084,0.611774781304982,SCM,scmSYM,0,0,0.07,0.35,0.58
Kappeler & Pozzi 3 state,213,213,Olivier et al,Mk,fitSYM,0,0,0.03530737035135995,0.2571928034013245,0.7074998262473156,SCM,scmSYM,0,0,0.03,0.24,0.73
Lukas & Clutton-Brock 3 state,213,213,Olivier et al,Mk,fitSYM,0,0,0.00595225562264208,0.0410384744741194,0.9530092699032385,SCM,scmSYM,0,0,0,0.03,0.97
Müller & Thalmann 3 state,198,198,Olivier et al,Mk,fitSYM,0,0,0.6309665046840685,0.36903314642429835,3.4889163322270025e-7,SCM,scmSYM,0,0,0.56,0.44,0
Müller & Thalmann 5 state,198,198,Olivier et al,Mk,fitSYM,0.30430178993144125,0.2694578870990133,0.08651077102192387,0.33972955194762156,0,SCM,scmSYM,0.25,0.25,0.08,0.42,0
